sample_id,benchmark,task,question,prediction
do_you_see_me:visual_spatial:0000,do_you_see_me,visual_spatial,"In grid 1, starting from the white triangle at position (row 3, column 4), how many white circles are there left of it in the same row?",
do_you_see_me:visual_spatial:0001,do_you_see_me,visual_spatial,"In grid 1, starting from the white circle at position (row 2, column 1), how many black triangles are there up of it in the same column?",
do_you_see_me:visual_spatial:0002,do_you_see_me,visual_spatial,"In grid 1, starting from the black square at position (row 2, column 1), how many circles are there up of it in the same column?",
do_you_see_me:visual_spatial:0003,do_you_see_me,visual_spatial,"In grid 2, starting from the white square at position (row 7, column 5), how many black objects are there left of it in the same row?",
do_you_see_me:visual_spatial:0004,do_you_see_me,visual_spatial,"In grid 1, starting from the black triangle at position (row 5, column 1), how many black objects are there down of it in the same column?",
do_you_see_me:visual_spatial:0005,do_you_see_me,visual_spatial,"In grid 5, starting from the black circle at position (row 2, column 9), how many triangles are there up of it in the same column?",
do_you_see_me:visual_spatial:0006,do_you_see_me,visual_spatial,"In grid 3, starting from the black circle at position (row 3, column 3), how many black objects are there right of it in the same row?",
do_you_see_me:visual_spatial:0007,do_you_see_me,visual_spatial,"In grid 1, starting from the white triangle at position (row 2, column 2), how many black triangles are there down of it in the same column?",
do_you_see_me:visual_spatial:0008,do_you_see_me,visual_spatial,"In grid 1, starting from the black triangle at position (row 5, column 8), how many black squares are there up of it in the same column?",
do_you_see_me:visual_spatial:0009,do_you_see_me,visual_spatial,"In grid 1, starting from the white square at position (row 3, column 1), how many black objects are there up of it in the same column?",
do_you_see_me:visual_spatial:0010,do_you_see_me,visual_spatial,"In grid 1, starting from the black square at position (row 4, column 5), how many white objects are there left of it in the same row?",
do_you_see_me:visual_spatial:0011,do_you_see_me,visual_spatial,"In grid 1, starting from the white square at position (row 8, column 4), how many black objects are there left of it in the same row?",
do_you_see_me:visual_spatial:0012,do_you_see_me,visual_spatial,"In grid 1, starting from the black circle at position (row 5, column 1), how many black objects are there down of it in the same column?",
do_you_see_me:visual_spatial:0013,do_you_see_me,visual_spatial,"In grid 2, starting from the black square at position (row 1, column 2), how many white circles are there left of it in the same row?",
do_you_see_me:visual_spatial:0014,do_you_see_me,visual_spatial,"In grid 4, starting from the black square at position (row 3, column 1), how many white triangles are there right of it in the same row?",
do_you_see_me:visual_spatial:0015,do_you_see_me,visual_spatial,"In grid 1, starting from the white triangle at position (row 4, column 6), how many white objects are there up of it in the same column?",
do_you_see_me:visual_spatial:0016,do_you_see_me,visual_spatial,"In grid 1, starting from the white triangle at position (row 3, column 1), how many black objects are there right of it in the same row?",
do_you_see_me:visual_spatial:0017,do_you_see_me,visual_spatial,"In grid 1, starting from the white square at position (row 2, column 3), how many white circles are there up of it in the same column?",
do_you_see_me:visual_spatial:0018,do_you_see_me,visual_spatial,"In grid 1, starting from the black square at position (row 3, column 1), how many squares are there up of it in the same column?",
do_you_see_me:visual_spatial:0019,do_you_see_me,visual_spatial,"In grid 2, starting from the black triangle at position (row 1, column 8), how many white objects are there right of it in the same row?",
do_you_see_me:visual_spatial:0020,do_you_see_me,visual_spatial,"In grid 2, starting from the white triangle at position (row 3, column 8), how many triangles are there right of it in the same row?",
do_you_see_me:visual_spatial:0021,do_you_see_me,visual_spatial,"In grid 4, starting from the white square at position (row 4, column 4), how many white triangles are there left of it in the same row?",
do_you_see_me:visual_spatial:0022,do_you_see_me,visual_spatial,"In grid 1, starting from the black triangle at position (row 5, column 4), how many black triangles are there up of it in the same column?",
do_you_see_me:visual_spatial:0023,do_you_see_me,visual_spatial,"In grid 1, starting from the white circle at position (row 2, column 2), how many black triangles are there down of it in the same column?",
do_you_see_me:visual_spatial:0024,do_you_see_me,visual_spatial,"In grid 2, starting from the white triangle at position (row 5, column 1), how many circles are there down of it in the same column?",
do_you_see_me:letter_disambiguation:0000,do_you_see_me,letter_disambiguation,Identify the letter or character shown in the image.,
do_you_see_me:letter_disambiguation:0001,do_you_see_me,letter_disambiguation,Identify the letter or character shown in the image.,
do_you_see_me:letter_disambiguation:0002,do_you_see_me,letter_disambiguation,Identify the letter or character shown in the image.,
do_you_see_me:letter_disambiguation:0003,do_you_see_me,letter_disambiguation,Identify the letter or character shown in the image.,
do_you_see_me:letter_disambiguation:0004,do_you_see_me,letter_disambiguation,Identify the letter or character shown in the image.,
do_you_see_me:letter_disambiguation:0005,do_you_see_me,letter_disambiguation,Identify the letter or character shown in the image.,
do_you_see_me:letter_disambiguation:0006,do_you_see_me,letter_disambiguation,Identify the letter or character shown in the image.,
do_you_see_me:letter_disambiguation:0007,do_you_see_me,letter_disambiguation,Identify the letter or character shown in the image.,
do_you_see_me:letter_disambiguation:0008,do_you_see_me,letter_disambiguation,Identify the letter or character shown in the image.,
do_you_see_me:letter_disambiguation:0009,do_you_see_me,letter_disambiguation,Identify the letter or character shown in the image.,
do_you_see_me:letter_disambiguation:0010,do_you_see_me,letter_disambiguation,Identify the letter or character shown in the image.,
do_you_see_me:letter_disambiguation:0011,do_you_see_me,letter_disambiguation,Identify the letter or character shown in the image.,
do_you_see_me:letter_disambiguation:0012,do_you_see_me,letter_disambiguation,Identify the letter or character shown in the image.,
do_you_see_me:letter_disambiguation:0013,do_you_see_me,letter_disambiguation,Identify the letter or character shown in the image.,
do_you_see_me:letter_disambiguation:0014,do_you_see_me,letter_disambiguation,Identify the letter or character shown in the image.,
do_you_see_me:letter_disambiguation:0015,do_you_see_me,letter_disambiguation,Identify the letter or character shown in the image.,
do_you_see_me:letter_disambiguation:0016,do_you_see_me,letter_disambiguation,Identify the letter or character shown in the image.,
do_you_see_me:letter_disambiguation:0017,do_you_see_me,letter_disambiguation,Identify the letter or character shown in the image.,
do_you_see_me:letter_disambiguation:0018,do_you_see_me,letter_disambiguation,Identify the letter or character shown in the image.,
do_you_see_me:letter_disambiguation:0019,do_you_see_me,letter_disambiguation,Identify the letter or character shown in the image.,
do_you_see_me:letter_disambiguation:0020,do_you_see_me,letter_disambiguation,Identify the letter or character shown in the image.,
do_you_see_me:letter_disambiguation:0021,do_you_see_me,letter_disambiguation,Identify the letter or character shown in the image.,
do_you_see_me:letter_disambiguation:0022,do_you_see_me,letter_disambiguation,Identify the letter or character shown in the image.,
do_you_see_me:letter_disambiguation:0023,do_you_see_me,letter_disambiguation,Identify the letter or character shown in the image.,
do_you_see_me:letter_disambiguation:0024,do_you_see_me,letter_disambiguation,Identify the letter or character shown in the image.,
do_you_see_me:visual_form_constancy:0000,do_you_see_me,visual_form_constancy,"Identify the target shape regardless of its size, position or orientation.",
do_you_see_me:visual_form_constancy:0001,do_you_see_me,visual_form_constancy,"Identify the target shape regardless of its size, position or orientation.",
do_you_see_me:visual_form_constancy:0002,do_you_see_me,visual_form_constancy,"Identify the target shape regardless of its size, position or orientation.",
do_you_see_me:visual_form_constancy:0003,do_you_see_me,visual_form_constancy,"Identify the target shape regardless of its size, position or orientation.",
do_you_see_me:visual_form_constancy:0004,do_you_see_me,visual_form_constancy,"Identify the target shape regardless of its size, position or orientation.",
do_you_see_me:visual_form_constancy:0005,do_you_see_me,visual_form_constancy,"Identify the target shape regardless of its size, position or orientation.",
do_you_see_me:visual_form_constancy:0006,do_you_see_me,visual_form_constancy,"Identify the target shape regardless of its size, position or orientation.",
do_you_see_me:visual_form_constancy:0007,do_you_see_me,visual_form_constancy,"Identify the target shape regardless of its size, position or orientation.",
do_you_see_me:visual_form_constancy:0008,do_you_see_me,visual_form_constancy,"Identify the target shape regardless of its size, position or orientation.",
do_you_see_me:visual_form_constancy:0009,do_you_see_me,visual_form_constancy,"Identify the target shape regardless of its size, position or orientation.",
do_you_see_me:visual_form_constancy:0010,do_you_see_me,visual_form_constancy,"Identify the target shape regardless of its size, position or orientation.",
do_you_see_me:visual_form_constancy:0011,do_you_see_me,visual_form_constancy,"Identify the target shape regardless of its size, position or orientation.",
do_you_see_me:visual_form_constancy:0012,do_you_see_me,visual_form_constancy,"Identify the target shape regardless of its size, position or orientation.",
do_you_see_me:visual_form_constancy:0013,do_you_see_me,visual_form_constancy,"Identify the target shape regardless of its size, position or orientation.",
do_you_see_me:visual_form_constancy:0014,do_you_see_me,visual_form_constancy,"Identify the target shape regardless of its size, position or orientation.",
do_you_see_me:visual_form_constancy:0015,do_you_see_me,visual_form_constancy,"Identify the target shape regardless of its size, position or orientation.",
do_you_see_me:visual_form_constancy:0016,do_you_see_me,visual_form_constancy,"Identify the target shape regardless of its size, position or orientation.",
do_you_see_me:visual_form_constancy:0017,do_you_see_me,visual_form_constancy,"Identify the target shape regardless of its size, position or orientation.",
do_you_see_me:visual_form_constancy:0018,do_you_see_me,visual_form_constancy,"Identify the target shape regardless of its size, position or orientation.",
do_you_see_me:visual_form_constancy:0019,do_you_see_me,visual_form_constancy,"Identify the target shape regardless of its size, position or orientation.",
do_you_see_me:visual_form_constancy:0020,do_you_see_me,visual_form_constancy,"Identify the target shape regardless of its size, position or orientation.",
do_you_see_me:visual_form_constancy:0021,do_you_see_me,visual_form_constancy,"Identify the target shape regardless of its size, position or orientation.",
do_you_see_me:visual_form_constancy:0022,do_you_see_me,visual_form_constancy,"Identify the target shape regardless of its size, position or orientation.",
do_you_see_me:visual_form_constancy:0023,do_you_see_me,visual_form_constancy,"Identify the target shape regardless of its size, position or orientation.",
do_you_see_me:visual_form_constancy:0024,do_you_see_me,visual_form_constancy,"Identify the target shape regardless of its size, position or orientation.",
do_you_see_me:visual_figure_ground:0000,do_you_see_me,visual_figure_ground,Identify the figure that is embedded in the background of the image.,
do_you_see_me:visual_figure_ground:0001,do_you_see_me,visual_figure_ground,Identify the figure that is embedded in the background of the image.,
do_you_see_me:visual_figure_ground:0002,do_you_see_me,visual_figure_ground,Identify the figure that is embedded in the background of the image.,
do_you_see_me:visual_figure_ground:0003,do_you_see_me,visual_figure_ground,Identify the figure that is embedded in the background of the image.,
do_you_see_me:visual_figure_ground:0004,do_you_see_me,visual_figure_ground,Identify the figure that is embedded in the background of the image.,
do_you_see_me:visual_figure_ground:0005,do_you_see_me,visual_figure_ground,Identify the figure that is embedded in the background of the image.,
do_you_see_me:visual_figure_ground:0006,do_you_see_me,visual_figure_ground,Identify the figure that is embedded in the background of the image.,
do_you_see_me:visual_figure_ground:0007,do_you_see_me,visual_figure_ground,Identify the figure that is embedded in the background of the image.,
do_you_see_me:visual_figure_ground:0008,do_you_see_me,visual_figure_ground,Identify the figure that is embedded in the background of the image.,
do_you_see_me:visual_figure_ground:0009,do_you_see_me,visual_figure_ground,Identify the figure that is embedded in the background of the image.,
do_you_see_me:visual_figure_ground:0010,do_you_see_me,visual_figure_ground,Identify the figure that is embedded in the background of the image.,
do_you_see_me:visual_figure_ground:0011,do_you_see_me,visual_figure_ground,Identify the figure that is embedded in the background of the image.,
do_you_see_me:visual_figure_ground:0012,do_you_see_me,visual_figure_ground,Identify the figure that is embedded in the background of the image.,
do_you_see_me:visual_figure_ground:0013,do_you_see_me,visual_figure_ground,Identify the figure that is embedded in the background of the image.,
do_you_see_me:visual_figure_ground:0014,do_you_see_me,visual_figure_ground,Identify the figure that is embedded in the background of the image.,
do_you_see_me:visual_figure_ground:0015,do_you_see_me,visual_figure_ground,Identify the figure that is embedded in the background of the image.,
do_you_see_me:visual_figure_ground:0016,do_you_see_me,visual_figure_ground,Identify the figure that is embedded in the background of the image.,
do_you_see_me:visual_figure_ground:0017,do_you_see_me,visual_figure_ground,Identify the figure that is embedded in the background of the image.,
do_you_see_me:visual_figure_ground:0018,do_you_see_me,visual_figure_ground,Identify the figure that is embedded in the background of the image.,
do_you_see_me:visual_figure_ground:0019,do_you_see_me,visual_figure_ground,Identify the figure that is embedded in the background of the image.,
do_you_see_me:visual_figure_ground:0020,do_you_see_me,visual_figure_ground,Identify the figure that is embedded in the background of the image.,
do_you_see_me:visual_figure_ground:0021,do_you_see_me,visual_figure_ground,Identify the figure that is embedded in the background of the image.,
do_you_see_me:visual_figure_ground:0022,do_you_see_me,visual_figure_ground,Identify the figure that is embedded in the background of the image.,
do_you_see_me:visual_figure_ground:0023,do_you_see_me,visual_figure_ground,Identify the figure that is embedded in the background of the image.,
do_you_see_me:visual_figure_ground:0024,do_you_see_me,visual_figure_ground,Identify the figure that is embedded in the background of the image.,
do_you_see_me:visual_closure:0000,do_you_see_me,visual_closure,Identify the complete object or shape suggested by the partial image.,
do_you_see_me:visual_closure:0001,do_you_see_me,visual_closure,Identify the complete object or shape suggested by the partial image.,
do_you_see_me:visual_closure:0002,do_you_see_me,visual_closure,Identify the complete object or shape suggested by the partial image.,
do_you_see_me:visual_closure:0003,do_you_see_me,visual_closure,Identify the complete object or shape suggested by the partial image.,
do_you_see_me:visual_closure:0004,do_you_see_me,visual_closure,Identify the complete object or shape suggested by the partial image.,
do_you_see_me:visual_closure:0005,do_you_see_me,visual_closure,Identify the complete object or shape suggested by the partial image.,
do_you_see_me:visual_closure:0006,do_you_see_me,visual_closure,Identify the complete object or shape suggested by the partial image.,
do_you_see_me:visual_closure:0007,do_you_see_me,visual_closure,Identify the complete object or shape suggested by the partial image.,
do_you_see_me:visual_closure:0008,do_you_see_me,visual_closure,Identify the complete object or shape suggested by the partial image.,
do_you_see_me:visual_closure:0009,do_you_see_me,visual_closure,Identify the complete object or shape suggested by the partial image.,
do_you_see_me:visual_closure:0010,do_you_see_me,visual_closure,Identify the complete object or shape suggested by the partial image.,
do_you_see_me:visual_closure:0011,do_you_see_me,visual_closure,Identify the complete object or shape suggested by the partial image.,
do_you_see_me:visual_closure:0012,do_you_see_me,visual_closure,Identify the complete object or shape suggested by the partial image.,
do_you_see_me:visual_closure:0013,do_you_see_me,visual_closure,Identify the complete object or shape suggested by the partial image.,
do_you_see_me:visual_closure:0014,do_you_see_me,visual_closure,Identify the complete object or shape suggested by the partial image.,
do_you_see_me:visual_closure:0015,do_you_see_me,visual_closure,Identify the complete object or shape suggested by the partial image.,
do_you_see_me:visual_closure:0016,do_you_see_me,visual_closure,Identify the complete object or shape suggested by the partial image.,
do_you_see_me:visual_closure:0017,do_you_see_me,visual_closure,Identify the complete object or shape suggested by the partial image.,
do_you_see_me:visual_closure:0018,do_you_see_me,visual_closure,Identify the complete object or shape suggested by the partial image.,
do_you_see_me:visual_closure:0019,do_you_see_me,visual_closure,Identify the complete object or shape suggested by the partial image.,
do_you_see_me:visual_closure:0020,do_you_see_me,visual_closure,Identify the complete object or shape suggested by the partial image.,
do_you_see_me:visual_closure:0021,do_you_see_me,visual_closure,Identify the complete object or shape suggested by the partial image.,
do_you_see_me:visual_closure:0022,do_you_see_me,visual_closure,Identify the complete object or shape suggested by the partial image.,
do_you_see_me:visual_closure:0023,do_you_see_me,visual_closure,Identify the complete object or shape suggested by the partial image.,
do_you_see_me:visual_closure:0024,do_you_see_me,visual_closure,Identify the complete object or shape suggested by the partial image.,
do_you_see_me:geometric_dataset:0000,do_you_see_me,geometric_dataset,"Count the total number of stars in the image, including each concentric star separately. For example, if there is one star with 2 inner concentric rings, that counts as 3 stars. Respond with only a number.",
do_you_see_me:geometric_dataset:0001,do_you_see_me,geometric_dataset,"Count the total number of octagons in the image, including each concentric octagon separately. For example, if there is one octagon with 2 inner concentric rings, that counts as 3 octagons. Respond with only a number.",
do_you_see_me:geometric_dataset:0002,do_you_see_me,geometric_dataset,"Count the total number of pentagons in the image, including each concentric pentagon separately. For example, if there is one pentagon with 2 inner concentric rings, that counts as 3 pentagons. Respond with only a number.",
do_you_see_me:geometric_dataset:0003,do_you_see_me,geometric_dataset,"Count the total number of octagons in the image, including each concentric octagon separately. For example, if there is one octagon with 2 inner concentric rings, that counts as 3 octagons. Respond with only a number.",
do_you_see_me:geometric_dataset:0004,do_you_see_me,geometric_dataset,"Count the total number of stars in the image, including each concentric star separately. For example, if there is one star with 2 inner concentric rings, that counts as 3 stars. Respond with only a number.",
do_you_see_me:geometric_dataset:0005,do_you_see_me,geometric_dataset,"Count the total number of octagons in the image, including each concentric octagon separately. For example, if there is one octagon with 2 inner concentric rings, that counts as 3 octagons. Respond with only a number.",
do_you_see_me:geometric_dataset:0006,do_you_see_me,geometric_dataset,"Count the total number of hexagons in the image, including each concentric hexagon separately. For example, if there is one hexagon with 2 inner concentric rings, that counts as 3 hexagons. Respond with only a number.",
do_you_see_me:geometric_dataset:0007,do_you_see_me,geometric_dataset,"Count the total number of hexagons in the image, including each concentric hexagon separately. For example, if there is one hexagon with 2 inner concentric rings, that counts as 3 hexagons. Respond with only a number.",
do_you_see_me:geometric_dataset:0008,do_you_see_me,geometric_dataset,"Count the total number of hexagons in the image, including each concentric hexagon separately. For example, if there is one hexagon with 2 inner concentric rings, that counts as 3 hexagons. Respond with only a number.",
do_you_see_me:geometric_dataset:0009,do_you_see_me,geometric_dataset,"Count the total number of circles in the image, including each concentric circle separately. For example, if there is one circle with 2 inner concentric rings, that counts as 3 circles. Respond with only a number.",
do_you_see_me:geometric_dataset:0010,do_you_see_me,geometric_dataset,"Count the total number of octagons in the image, including each concentric octagon separately. For example, if there is one octagon with 2 inner concentric rings, that counts as 3 octagons. Respond with only a number.",
do_you_see_me:geometric_dataset:0011,do_you_see_me,geometric_dataset,"Count the total number of hexagons in the image, including each concentric hexagon separately. For example, if there is one hexagon with 2 inner concentric rings, that counts as 3 hexagons. Respond with only a number.",
do_you_see_me:geometric_dataset:0012,do_you_see_me,geometric_dataset,"Count the total number of triangles in the image, including each concentric triangle separately. For example, if there is one triangle with 2 inner concentric rings, that counts as 3 triangles. Respond with only a number.",
do_you_see_me:geometric_dataset:0013,do_you_see_me,geometric_dataset,"Count the total number of triangles in the image, including each concentric triangle separately. For example, if there is one triangle with 2 inner concentric rings, that counts as 3 triangles. Respond with only a number.",
do_you_see_me:geometric_dataset:0014,do_you_see_me,geometric_dataset,"Count the total number of circles in the image, including each concentric circle separately. For example, if there is one circle with 2 inner concentric rings, that counts as 3 circles. Respond with only a number.",
do_you_see_me:geometric_dataset:0015,do_you_see_me,geometric_dataset,"Count the total number of pentagons in the image, including each concentric pentagon separately. For example, if there is one pentagon with 2 inner concentric rings, that counts as 3 pentagons. Respond with only a number.",
do_you_see_me:geometric_dataset:0016,do_you_see_me,geometric_dataset,"Count the total number of octagons in the image, including each concentric octagon separately. For example, if there is one octagon with 2 inner concentric rings, that counts as 3 octagons. Respond with only a number.",
do_you_see_me:geometric_dataset:0017,do_you_see_me,geometric_dataset,"Count the total number of triangles in the image, including each concentric triangle separately. For example, if there is one triangle with 2 inner concentric rings, that counts as 3 triangles. Respond with only a number.",
do_you_see_me:geometric_dataset:0018,do_you_see_me,geometric_dataset,"Count the total number of stars in the image, including each concentric star separately. For example, if there is one star with 2 inner concentric rings, that counts as 3 stars. Respond with only a number.",
do_you_see_me:geometric_dataset:0019,do_you_see_me,geometric_dataset,"Count the total number of stars in the image, including each concentric star separately. For example, if there is one star with 2 inner concentric rings, that counts as 3 stars. Respond with only a number.",
do_you_see_me:geometric_dataset:0020,do_you_see_me,geometric_dataset,"Count the total number of stars in the image, including each concentric star separately. For example, if there is one star with 2 inner concentric rings, that counts as 3 stars. Respond with only a number.",
do_you_see_me:geometric_dataset:0021,do_you_see_me,geometric_dataset,"Count the total number of octagons in the image, including each concentric octagon separately. For example, if there is one octagon with 2 inner concentric rings, that counts as 3 octagons. Respond with only a number.",
do_you_see_me:geometric_dataset:0022,do_you_see_me,geometric_dataset,"Count the total number of octagons in the image, including each concentric octagon separately. For example, if there is one octagon with 2 inner concentric rings, that counts as 3 octagons. Respond with only a number.",
do_you_see_me:geometric_dataset:0023,do_you_see_me,geometric_dataset,"Count the total number of stars in the image, including each concentric star separately. For example, if there is one star with 2 inner concentric rings, that counts as 3 stars. Respond with only a number.",
do_you_see_me:geometric_dataset:0024,do_you_see_me,geometric_dataset,"Count the total number of hexagons in the image, including each concentric hexagon separately. For example, if there is one hexagon with 2 inner concentric rings, that counts as 3 hexagons. Respond with only a number.",
do_you_see_me:color_and_shape_disambiguation:0000,do_you_see_me,color_and_shape_disambiguation,Count the number of pentagon's that are gray.,
do_you_see_me:color_and_shape_disambiguation:0001,do_you_see_me,color_and_shape_disambiguation,Count the number of pentagon's that are yellow.,
do_you_see_me:color_and_shape_disambiguation:0002,do_you_see_me,color_and_shape_disambiguation,Count the number of hexagon's that are purple.,
do_you_see_me:color_and_shape_disambiguation:0003,do_you_see_me,color_and_shape_disambiguation,Count the number of hexagon's that are black.,
do_you_see_me:color_and_shape_disambiguation:0004,do_you_see_me,color_and_shape_disambiguation,Count the number of hexagon's that are gray.,
do_you_see_me:color_and_shape_disambiguation:0005,do_you_see_me,color_and_shape_disambiguation,Count the number of star's that are blue.,
do_you_see_me:color_and_shape_disambiguation:0006,do_you_see_me,color_and_shape_disambiguation,Count the number of cross's that are red.,
do_you_see_me:color_and_shape_disambiguation:0007,do_you_see_me,color_and_shape_disambiguation,Count the number of pentagon's that are red.,
do_you_see_me:color_and_shape_disambiguation:0008,do_you_see_me,color_and_shape_disambiguation,Count the number of triangle's that are red.,
do_you_see_me:color_and_shape_disambiguation:0009,do_you_see_me,color_and_shape_disambiguation,Count the number of pentagon's that are red.,
do_you_see_me:color_and_shape_disambiguation:0010,do_you_see_me,color_and_shape_disambiguation,Count the number of star's that are blue.,
do_you_see_me:color_and_shape_disambiguation:0011,do_you_see_me,color_and_shape_disambiguation,Count the number of octagon's that are black.,
do_you_see_me:color_and_shape_disambiguation:0012,do_you_see_me,color_and_shape_disambiguation,Count the number of cross's that are black.,
do_you_see_me:color_and_shape_disambiguation:0013,do_you_see_me,color_and_shape_disambiguation,Count the number of star's that are yellow.,
do_you_see_me:color_and_shape_disambiguation:0014,do_you_see_me,color_and_shape_disambiguation,Count the number of triangle's that are yellow.,
do_you_see_me:color_and_shape_disambiguation:0015,do_you_see_me,color_and_shape_disambiguation,Count the number of star's that are green.,
do_you_see_me:color_and_shape_disambiguation:0016,do_you_see_me,color_and_shape_disambiguation,Count the number of pentagon's that are yellow.,
do_you_see_me:color_and_shape_disambiguation:0017,do_you_see_me,color_and_shape_disambiguation,Count the number of hexagon's that are green.,
do_you_see_me:color_and_shape_disambiguation:0018,do_you_see_me,color_and_shape_disambiguation,Count the number of star's that are blue.,
do_you_see_me:color_and_shape_disambiguation:0019,do_you_see_me,color_and_shape_disambiguation,Count the number of hexagon's that are green.,
do_you_see_me:color_and_shape_disambiguation:0020,do_you_see_me,color_and_shape_disambiguation,Count the number of pentagon's that are green.,
do_you_see_me:color_and_shape_disambiguation:0021,do_you_see_me,color_and_shape_disambiguation,Count the number of hexagon's that are black.,
do_you_see_me:color_and_shape_disambiguation:0022,do_you_see_me,color_and_shape_disambiguation,Count the number of star's that are black.,
do_you_see_me:color_and_shape_disambiguation:0023,do_you_see_me,color_and_shape_disambiguation,Count the number of pentagon's that are black.,
do_you_see_me:color_and_shape_disambiguation:0024,do_you_see_me,color_and_shape_disambiguation,Count the number of pentagon's that are yellow.,
minds_eye:mental_rotation:0000,minds_eye,mental_rotation,"Analyze the four figures labeled A, B, C, D in the image. Your goal is to identify which of these options is the correct rotational transformation fo the figure labeled original shape. Reason step by step for answering.",
minds_eye:mental_rotation:0001,minds_eye,mental_rotation,"Analyze the four figures labeled A, B, C, D in the image. Your goal is to identify which of these options is the correct rotational transformation fo the figure labeled original shape. Reason step by step for answering.",
minds_eye:mental_rotation:0002,minds_eye,mental_rotation,"Analyze the four figures labeled A, B, C, D in the image. Your goal is to identify which of these options is the correct rotational transformation fo the figure labeled original shape. Reason step by step for answering.",
minds_eye:mental_rotation:0003,minds_eye,mental_rotation,"Analyze the four figures labeled A, B, C, D in the image. Your goal is to identify which of these options is the correct rotational transformation fo the figure labeled original shape. Reason step by step for answering.",
minds_eye:mental_rotation:0004,minds_eye,mental_rotation,"Analyze the four figures labeled A, B, C, D in the image. Your goal is to identify which of these options is the correct rotational transformation fo the figure labeled original shape. Reason step by step for answering.",
minds_eye:mental_rotation:0005,minds_eye,mental_rotation,"Analyze the four figures labeled A, B, C, D in the image. Your goal is to identify which of these options is the correct rotational transformation fo the figure labeled original shape. Reason step by step for answering.",
minds_eye:mental_rotation:0006,minds_eye,mental_rotation,"Analyze the four figures labeled A, B, C, D in the image. Your goal is to identify which of these options is the correct rotational transformation fo the figure labeled original shape. Reason step by step for answering.",
minds_eye:mental_rotation:0007,minds_eye,mental_rotation,"Analyze the four figures labeled A, B, C, D in the image. Your goal is to identify which of these options is the correct rotational transformation fo the figure labeled original shape. Reason step by step for answering.",
minds_eye:mental_rotation:0008,minds_eye,mental_rotation,"Analyze the four figures labeled A, B, C, D in the image. Your goal is to identify which of these options is the correct rotational transformation fo the figure labeled original shape. Reason step by step for answering.",
minds_eye:mental_rotation:0009,minds_eye,mental_rotation,"Analyze the four figures labeled A, B, C, D in the image. Your goal is to identify which of these options is the correct rotational transformation fo the figure labeled original shape. Reason step by step for answering.",
minds_eye:mental_rotation:0010,minds_eye,mental_rotation,"Analyze the four figures labeled A, B, C, D in the image. Your goal is to identify which of these options is the correct rotational transformation fo the figure labeled original shape. Reason step by step for answering.",
minds_eye:mental_rotation:0011,minds_eye,mental_rotation,"Analyze the four figures labeled A, B, C, D in the image. Your goal is to identify which of these options is the correct rotational transformation fo the figure labeled original shape. Reason step by step for answering.",
minds_eye:mental_rotation:0012,minds_eye,mental_rotation,"Analyze the four figures labeled A, B, C, D in the image. Your goal is to identify which of these options is the correct rotational transformation fo the figure labeled original shape. Reason step by step for answering.",
minds_eye:mental_rotation:0013,minds_eye,mental_rotation,"Analyze the four figures labeled A, B, C, D in the image. Your goal is to identify which of these options is the correct rotational transformation fo the figure labeled original shape. Reason step by step for answering.",
minds_eye:mental_rotation:0014,minds_eye,mental_rotation,"Analyze the four figures labeled A, B, C, D in the image. Your goal is to identify which of these options is the correct rotational transformation fo the figure labeled original shape. Reason step by step for answering.",
minds_eye:mental_rotation:0015,minds_eye,mental_rotation,"Analyze the four figures labeled A, B, C, D in the image. Your goal is to identify which of these options is the correct rotational transformation fo the figure labeled original shape. Reason step by step for answering.",
minds_eye:mental_rotation:0016,minds_eye,mental_rotation,"Analyze the four figures labeled A, B, C, D in the image. Your goal is to identify which of these options is the correct rotational transformation fo the figure labeled original shape. Reason step by step for answering.",
minds_eye:mental_rotation:0017,minds_eye,mental_rotation,"Analyze the four figures labeled A, B, C, D in the image. Your goal is to identify which of these options is the correct rotational transformation fo the figure labeled original shape. Reason step by step for answering.",
minds_eye:mental_rotation:0018,minds_eye,mental_rotation,"Analyze the four figures labeled A, B, C, D in the image. Your goal is to identify which of these options is the correct rotational transformation fo the figure labeled original shape. Reason step by step for answering.",
minds_eye:mental_rotation:0019,minds_eye,mental_rotation,"Analyze the four figures labeled A, B, C, D in the image. Your goal is to identify which of these options is the correct rotational transformation fo the figure labeled original shape. Reason step by step for answering.",
minds_eye:mental_rotation:0020,minds_eye,mental_rotation,"Analyze the four figures labeled A, B, C, D in the image. Your goal is to identify which of these options is the correct rotational transformation fo the figure labeled original shape. Reason step by step for answering.",
minds_eye:mental_rotation:0021,minds_eye,mental_rotation,"Analyze the four figures labeled A, B, C, D in the image. Your goal is to identify which of these options is the correct rotational transformation fo the figure labeled original shape. Reason step by step for answering.",
minds_eye:mental_rotation:0022,minds_eye,mental_rotation,"Analyze the four figures labeled A, B, C, D in the image. Your goal is to identify which of these options is the correct rotational transformation fo the figure labeled original shape. Reason step by step for answering.",
minds_eye:mental_rotation:0023,minds_eye,mental_rotation,"Analyze the four figures labeled A, B, C, D in the image. Your goal is to identify which of these options is the correct rotational transformation fo the figure labeled original shape. Reason step by step for answering.",
minds_eye:mental_rotation:0024,minds_eye,mental_rotation,"Analyze the four figures labeled A, B, C, D in the image. Your goal is to identify which of these options is the correct rotational transformation fo the figure labeled original shape. Reason step by step for answering.",
minds_eye:paper_folding:0000,minds_eye,paper_folding,"The a paper of shape labeled Unfolded is folded follwoing the pattern shown in the top row, in the sequence of fold 1, followed by fold 2 and so on. After the last fold a hole is punched as shown in the image of labeled final view, then after unfolding how would the paper look. Analyze the four figures labeled A, B, C, D in the image, how they are folded and answer. Reason step by step for answering.",
minds_eye:paper_folding:0001,minds_eye,paper_folding,"The a paper of shape labeled Unfolded is folded follwoing the pattern shown in the top row, in the sequence of fold 1, followed by fold 2 and so on. After the last fold a hole is punched as shown in the image of labeled final view, then after unfolding how would the paper look. Analyze the four figures labeled A, B, C, D in the image, how they are folded and answer. Reason step by step for answering.",
minds_eye:paper_folding:0002,minds_eye,paper_folding,"The a paper of shape labeled Unfolded is folded follwoing the pattern shown in the top row, in the sequence of fold 1, followed by fold 2 and so on. After the last fold a hole is punched as shown in the image of labeled final view, then after unfolding how would the paper look. Analyze the four figures labeled A, B, C, D in the image, how they are folded and answer. Reason step by step for answering.",
minds_eye:paper_folding:0003,minds_eye,paper_folding,"The a paper of shape labeled Unfolded is folded follwoing the pattern shown in the top row, in the sequence of fold 1, followed by fold 2 and so on. After the last fold a hole is punched as shown in the image of labeled final view, then after unfolding how would the paper look. Analyze the four figures labeled A, B, C, D in the image, how they are folded and answer. Reason step by step for answering.",
minds_eye:paper_folding:0004,minds_eye,paper_folding,"The a paper of shape labeled Unfolded is folded follwoing the pattern shown in the top row, in the sequence of fold 1, followed by fold 2 and so on. After the last fold a hole is punched as shown in the image of labeled final view, then after unfolding how would the paper look. Analyze the four figures labeled A, B, C, D in the image, how they are folded and answer. Reason step by step for answering.",
minds_eye:paper_folding:0005,minds_eye,paper_folding,"The a paper of shape labeled Unfolded is folded follwoing the pattern shown in the top row, in the sequence of fold 1, followed by fold 2 and so on. After the last fold a hole is punched as shown in the image of labeled final view, then after unfolding how would the paper look. Analyze the four figures labeled A, B, C, D in the image, how they are folded and answer. Reason step by step for answering.",
minds_eye:paper_folding:0006,minds_eye,paper_folding,"The a paper of shape labeled Unfolded is folded follwoing the pattern shown in the top row, in the sequence of fold 1, followed by fold 2 and so on. After the last fold a hole is punched as shown in the image of labeled final view, then after unfolding how would the paper look. Analyze the four figures labeled A, B, C, D in the image, how they are folded and answer. Reason step by step for answering.",
minds_eye:paper_folding:0007,minds_eye,paper_folding,"The a paper of shape labeled Unfolded is folded follwoing the pattern shown in the top row, in the sequence of fold 1, followed by fold 2 and so on. After the last fold a hole is punched as shown in the image of labeled final view, then after unfolding how would the paper look. Analyze the four figures labeled A, B, C, D in the image, how they are folded and answer. Reason step by step for answering.",
minds_eye:paper_folding:0008,minds_eye,paper_folding,"The a paper of shape labeled Unfolded is folded follwoing the pattern shown in the top row, in the sequence of fold 1, followed by fold 2 and so on. After the last fold a hole is punched as shown in the image of labeled final view, then after unfolding how would the paper look. Analyze the four figures labeled A, B, C, D in the image, how they are folded and answer. Reason step by step for answering.",
minds_eye:paper_folding:0009,minds_eye,paper_folding,"The a paper of shape labeled Unfolded is folded follwoing the pattern shown in the top row, in the sequence of fold 1, followed by fold 2 and so on. After the last fold a hole is punched as shown in the image of labeled final view, then after unfolding how would the paper look. Analyze the four figures labeled A, B, C, D in the image, how they are folded and answer. Reason step by step for answering.",
minds_eye:paper_folding:0010,minds_eye,paper_folding,"The a paper of shape labeled Unfolded is folded follwoing the pattern shown in the top row, in the sequence of fold 1, followed by fold 2 and so on. After the last fold a hole is punched as shown in the image of labeled final view, then after unfolding how would the paper look. Analyze the four figures labeled A, B, C, D in the image, how they are folded and answer. Reason step by step for answering.",
minds_eye:paper_folding:0011,minds_eye,paper_folding,"The a paper of shape labeled Unfolded is folded follwoing the pattern shown in the top row, in the sequence of fold 1, followed by fold 2 and so on. After the last fold a hole is punched as shown in the image of labeled final view, then after unfolding how would the paper look. Analyze the four figures labeled A, B, C, D in the image, how they are folded and answer. Reason step by step for answering.",
minds_eye:paper_folding:0012,minds_eye,paper_folding,"The a paper of shape labeled Unfolded is folded follwoing the pattern shown in the top row, in the sequence of fold 1, followed by fold 2 and so on. After the last fold a hole is punched as shown in the image of labeled final view, then after unfolding how would the paper look. Analyze the four figures labeled A, B, C, D in the image, how they are folded and answer. Reason step by step for answering.",
minds_eye:paper_folding:0013,minds_eye,paper_folding,"The a paper of shape labeled Unfolded is folded follwoing the pattern shown in the top row, in the sequence of fold 1, followed by fold 2 and so on. After the last fold a hole is punched as shown in the image of labeled final view, then after unfolding how would the paper look. Analyze the four figures labeled A, B, C, D in the image, how they are folded and answer. Reason step by step for answering.",
minds_eye:paper_folding:0014,minds_eye,paper_folding,"The a paper of shape labeled Unfolded is folded follwoing the pattern shown in the top row, in the sequence of fold 1, followed by fold 2 and so on. After the last fold a hole is punched as shown in the image of labeled final view, then after unfolding how would the paper look. Analyze the four figures labeled A, B, C, D in the image, how they are folded and answer. Reason step by step for answering.",
minds_eye:paper_folding:0015,minds_eye,paper_folding,"The a paper of shape labeled Unfolded is folded follwoing the pattern shown in the top row, in the sequence of fold 1, followed by fold 2 and so on. After the last fold a hole is punched as shown in the image of labeled final view, then after unfolding how would the paper look. Analyze the four figures labeled A, B, C, D in the image, how they are folded and answer. Reason step by step for answering.",
minds_eye:paper_folding:0016,minds_eye,paper_folding,"The a paper of shape labeled Unfolded is folded follwoing the pattern shown in the top row, in the sequence of fold 1, followed by fold 2 and so on. After the last fold a hole is punched as shown in the image of labeled final view, then after unfolding how would the paper look. Analyze the four figures labeled A, B, C, D in the image, how they are folded and answer. Reason step by step for answering.",
minds_eye:paper_folding:0017,minds_eye,paper_folding,"The a paper of shape labeled Unfolded is folded follwoing the pattern shown in the top row, in the sequence of fold 1, followed by fold 2 and so on. After the last fold a hole is punched as shown in the image of labeled final view, then after unfolding how would the paper look. Analyze the four figures labeled A, B, C, D in the image, how they are folded and answer. Reason step by step for answering.",
minds_eye:paper_folding:0018,minds_eye,paper_folding,"The a paper of shape labeled Unfolded is folded follwoing the pattern shown in the top row, in the sequence of fold 1, followed by fold 2 and so on. After the last fold a hole is punched as shown in the image of labeled final view, then after unfolding how would the paper look. Analyze the four figures labeled A, B, C, D in the image, how they are folded and answer. Reason step by step for answering.",
minds_eye:paper_folding:0019,minds_eye,paper_folding,"The a paper of shape labeled Unfolded is folded follwoing the pattern shown in the top row, in the sequence of fold 1, followed by fold 2 and so on. After the last fold a hole is punched as shown in the image of labeled final view, then after unfolding how would the paper look. Analyze the four figures labeled A, B, C, D in the image, how they are folded and answer. Reason step by step for answering.",
minds_eye:paper_folding:0020,minds_eye,paper_folding,"The a paper of shape labeled Unfolded is folded follwoing the pattern shown in the top row, in the sequence of fold 1, followed by fold 2 and so on. After the last fold a hole is punched as shown in the image of labeled final view, then after unfolding how would the paper look. Analyze the four figures labeled A, B, C, D in the image, how they are folded and answer. Reason step by step for answering.",
minds_eye:paper_folding:0021,minds_eye,paper_folding,"The a paper of shape labeled Unfolded is folded follwoing the pattern shown in the top row, in the sequence of fold 1, followed by fold 2 and so on. After the last fold a hole is punched as shown in the image of labeled final view, then after unfolding how would the paper look. Analyze the four figures labeled A, B, C, D in the image, how they are folded and answer. Reason step by step for answering.",
minds_eye:paper_folding:0022,minds_eye,paper_folding,"The a paper of shape labeled Unfolded is folded follwoing the pattern shown in the top row, in the sequence of fold 1, followed by fold 2 and so on. After the last fold a hole is punched as shown in the image of labeled final view, then after unfolding how would the paper look. Analyze the four figures labeled A, B, C, D in the image, how they are folded and answer. Reason step by step for answering.",
minds_eye:paper_folding:0023,minds_eye,paper_folding,"The a paper of shape labeled Unfolded is folded follwoing the pattern shown in the top row, in the sequence of fold 1, followed by fold 2 and so on. After the last fold a hole is punched as shown in the image of labeled final view, then after unfolding how would the paper look. Analyze the four figures labeled A, B, C, D in the image, how they are folded and answer. Reason step by step for answering.",
minds_eye:paper_folding:0024,minds_eye,paper_folding,"The a paper of shape labeled Unfolded is folded follwoing the pattern shown in the top row, in the sequence of fold 1, followed by fold 2 and so on. After the last fold a hole is punched as shown in the image of labeled final view, then after unfolding how would the paper look. Analyze the four figures labeled A, B, C, D in the image, how they are folded and answer. Reason step by step for answering.",
minds_eye:mental_composition:0000,minds_eye,mental_composition,"Analyze the four figures labeled A, B, C, D in the image. These are 3D Figures. Your goal is to identify which of these options can be constructed by folding the top 2D figure labeled as Original Shape. Reason step by step for answering.",
minds_eye:mental_composition:0001,minds_eye,mental_composition,"Analyze the four figures labeled A, B, C, D in the image. These are 3D Figures. Your goal is to identify which of these options can be constructed by folding the top 2D figure labeled as Original Shape. Reason step by step for answering.",
minds_eye:mental_composition:0002,minds_eye,mental_composition,"Analyze the four figures labeled A, B, C, D in the image. These are 3D Figures. Your goal is to identify which of these options can be constructed by folding the top 2D figure labeled as Original Shape. Reason step by step for answering.",
minds_eye:mental_composition:0003,minds_eye,mental_composition,"Analyze the four figures labeled A, B, C, D in the image. These are 3D Figures. Your goal is to identify which of these options can be constructed by folding the top 2D figure labeled as Original Shape. Reason step by step for answering.",
minds_eye:mental_composition:0004,minds_eye,mental_composition,"Analyze the four figures labeled A, B, C, D in the image. These are 3D Figures. Your goal is to identify which of these options can be constructed by folding the top 2D figure labeled as Original Shape. Reason step by step for answering.",
minds_eye:mental_composition:0005,minds_eye,mental_composition,"Analyze the four figures labeled A, B, C, D in the image. These are 3D Figures. Your goal is to identify which of these options can be constructed by folding the top 2D figure labeled as Original Shape. Reason step by step for answering.",
minds_eye:mental_composition:0006,minds_eye,mental_composition,"Analyze the four figures labeled A, B, C, D in the image. These are 3D Figures. Your goal is to identify which of these options can be constructed by folding the top 2D figure labeled as Original Shape. Reason step by step for answering.",
minds_eye:mental_composition:0007,minds_eye,mental_composition,"Analyze the four figures labeled A, B, C, D in the image. These are 3D Figures. Your goal is to identify which of these options can be constructed by folding the top 2D figure labeled as Original Shape. Reason step by step for answering.",
minds_eye:mental_composition:0008,minds_eye,mental_composition,"Analyze the four figures labeled A, B, C, D in the image. These are 3D Figures. Your goal is to identify which of these options can be constructed by folding the top 2D figure labeled as Original Shape. Reason step by step for answering.",
minds_eye:mental_composition:0009,minds_eye,mental_composition,"Analyze the four figures labeled A, B, C, D in the image. These are 3D Figures. Your goal is to identify which of these options can be constructed by folding the top 2D figure labeled as Original Shape. Reason step by step for answering.",
minds_eye:mental_composition:0010,minds_eye,mental_composition,"Analyze the four figures labeled A, B, C, D in the image. These are 3D Figures. Your goal is to identify which of these options can be constructed by folding the top 2D figure labeled as Original Shape. Reason step by step for answering.",
minds_eye:mental_composition:0011,minds_eye,mental_composition,"Analyze the four figures labeled A, B, C, D in the image. These are 3D Figures. Your goal is to identify which of these options can be constructed by folding the top 2D figure labeled as Original Shape. Reason step by step for answering.",
minds_eye:mental_composition:0012,minds_eye,mental_composition,"Analyze the four figures labeled A, B, C, D in the image. These are 3D Figures. Your goal is to identify which of these options can be constructed by folding the top 2D figure labeled as Original Shape. Reason step by step for answering.",
minds_eye:mental_composition:0013,minds_eye,mental_composition,"Analyze the four figures labeled A, B, C, D in the image. These are 3D Figures. Your goal is to identify which of these options can be constructed by folding the top 2D figure labeled as Original Shape. Reason step by step for answering.",
minds_eye:mental_composition:0014,minds_eye,mental_composition,"Analyze the four figures labeled A, B, C, D in the image. These are 3D Figures. Your goal is to identify which of these options can be constructed by folding the top 2D figure labeled as Original Shape. Reason step by step for answering.",
minds_eye:mental_composition:0015,minds_eye,mental_composition,"Analyze the four figures labeled A, B, C, D in the image. These are 3D Figures. Your goal is to identify which of these options can be constructed by folding the top 2D figure labeled as Original Shape. Reason step by step for answering.",
minds_eye:mental_composition:0016,minds_eye,mental_composition,"Analyze the four figures labeled A, B, C, D in the image. These are 3D Figures. Your goal is to identify which of these options can be constructed by folding the top 2D figure labeled as Original Shape. Reason step by step for answering.",
minds_eye:mental_composition:0017,minds_eye,mental_composition,"Analyze the four figures labeled A, B, C, D in the image. These are 3D Figures. Your goal is to identify which of these options can be constructed by folding the top 2D figure labeled as Original Shape. Reason step by step for answering.",
minds_eye:mental_composition:0018,minds_eye,mental_composition,"Analyze the four figures labeled A, B, C, D in the image. These are 3D Figures. Your goal is to identify which of these options can be constructed by folding the top 2D figure labeled as Original Shape. Reason step by step for answering.",
minds_eye:mental_composition:0019,minds_eye,mental_composition,"Analyze the four figures labeled A, B, C, D in the image. These are 3D Figures. Your goal is to identify which of these options can be constructed by folding the top 2D figure labeled as Original Shape. Reason step by step for answering.",
minds_eye:mental_composition:0020,minds_eye,mental_composition,"Analyze the four figures labeled A, B, C, D in the image. These are 3D Figures. Your goal is to identify which of these options can be constructed by folding the top 2D figure labeled as Original Shape. Reason step by step for answering.",
minds_eye:mental_composition:0021,minds_eye,mental_composition,"Analyze the four figures labeled A, B, C, D in the image. These are 3D Figures. Your goal is to identify which of these options can be constructed by folding the top 2D figure labeled as Original Shape. Reason step by step for answering.",
minds_eye:mental_composition:0022,minds_eye,mental_composition,"Analyze the four figures labeled A, B, C, D in the image. These are 3D Figures. Your goal is to identify which of these options can be constructed by folding the top 2D figure labeled as Original Shape. Reason step by step for answering.",
minds_eye:mental_composition:0023,minds_eye,mental_composition,"Analyze the four figures labeled A, B, C, D in the image. These are 3D Figures. Your goal is to identify which of these options can be constructed by folding the top 2D figure labeled as Original Shape. Reason step by step for answering.",
minds_eye:mental_composition:0024,minds_eye,mental_composition,"Analyze the four figures labeled A, B, C, D in the image. These are 3D Figures. Your goal is to identify which of these options can be constructed by folding the top 2D figure labeled as Original Shape. Reason step by step for answering.",
minds_eye:dynamic_isomorph:0000,minds_eye,dynamic_isomorph,"Follow the transformation of the shapes in the top row, starting from t=0.0 uptp t=0.75. Analyze the four figures labeled A, B, C, D in the image. Your goal is to identify which of these options is the fifth image at t = 1.0. Reason step by step how are the shapes transforming for answering.",
minds_eye:dynamic_isomorph:0001,minds_eye,dynamic_isomorph,"Follow the transformation of the shapes in the top row, starting from t=0.0 uptp t=0.75. Analyze the four figures labeled A, B, C, D in the image. Your goal is to identify which of these options is the fifth image at t = 1.0. Reason step by step how are the shapes transforming for answering.",
minds_eye:dynamic_isomorph:0002,minds_eye,dynamic_isomorph,"Follow the transformation of the shapes in the top row, starting from t=0.0 uptp t=0.75. Analyze the four figures labeled A, B, C, D in the image. Your goal is to identify which of these options is the fifth image at t = 1.0. Reason step by step how are the shapes transforming for answering.",
minds_eye:dynamic_isomorph:0003,minds_eye,dynamic_isomorph,"Follow the transformation of the shapes in the top row, starting from t=0.0 uptp t=0.75. Analyze the four figures labeled A, B, C, D in the image. Your goal is to identify which of these options is the fifth image at t = 1.0. Reason step by step how are the shapes transforming for answering.",
minds_eye:dynamic_isomorph:0004,minds_eye,dynamic_isomorph,"Follow the transformation of the shapes in the top row, starting from t=0.0 uptp t=0.75. Analyze the four figures labeled A, B, C, D in the image. Your goal is to identify which of these options is the fifth image at t = 1.0. Reason step by step how are the shapes transforming for answering.",
minds_eye:dynamic_isomorph:0005,minds_eye,dynamic_isomorph,"Follow the transformation of the shapes in the top row, starting from t=0.0 uptp t=0.75. Analyze the four figures labeled A, B, C, D in the image. Your goal is to identify which of these options is the fifth image at t = 1.0. Reason step by step how are the shapes transforming for answering.",
minds_eye:dynamic_isomorph:0006,minds_eye,dynamic_isomorph,"Follow the transformation of the shapes in the top row, starting from t=0.0 uptp t=0.75. Analyze the four figures labeled A, B, C, D in the image. Your goal is to identify which of these options is the fifth image at t = 1.0. Reason step by step how are the shapes transforming for answering.",
minds_eye:dynamic_isomorph:0007,minds_eye,dynamic_isomorph,"Follow the transformation of the shapes in the top row, starting from t=0.0 uptp t=0.75. Analyze the four figures labeled A, B, C, D in the image. Your goal is to identify which of these options is the fifth image at t = 1.0. Reason step by step how are the shapes transforming for answering.",
minds_eye:dynamic_isomorph:0008,minds_eye,dynamic_isomorph,"Follow the transformation of the shapes in the top row, starting from t=0.0 uptp t=0.75. Analyze the four figures labeled A, B, C, D in the image. Your goal is to identify which of these options is the fifth image at t = 1.0. Reason step by step how are the shapes transforming for answering.",
minds_eye:dynamic_isomorph:0009,minds_eye,dynamic_isomorph,"Follow the transformation of the shapes in the top row, starting from t=0.0 uptp t=0.75. Analyze the four figures labeled A, B, C, D in the image. Your goal is to identify which of these options is the fifth image at t = 1.0. Reason step by step how are the shapes transforming for answering.",
minds_eye:dynamic_isomorph:0010,minds_eye,dynamic_isomorph,"Follow the transformation of the shapes in the top row, starting from t=0.0 uptp t=0.75. Analyze the four figures labeled A, B, C, D in the image. Your goal is to identify which of these options is the fifth image at t = 1.0. Reason step by step how are the shapes transforming for answering.",
minds_eye:dynamic_isomorph:0011,minds_eye,dynamic_isomorph,"Follow the transformation of the shapes in the top row, starting from t=0.0 uptp t=0.75. Analyze the four figures labeled A, B, C, D in the image. Your goal is to identify which of these options is the fifth image at t = 1.0. Reason step by step how are the shapes transforming for answering.",
minds_eye:dynamic_isomorph:0012,minds_eye,dynamic_isomorph,"Follow the transformation of the shapes in the top row, starting from t=0.0 uptp t=0.75. Analyze the four figures labeled A, B, C, D in the image. Your goal is to identify which of these options is the fifth image at t = 1.0. Reason step by step how are the shapes transforming for answering.",
minds_eye:dynamic_isomorph:0013,minds_eye,dynamic_isomorph,"Follow the transformation of the shapes in the top row, starting from t=0.0 uptp t=0.75. Analyze the four figures labeled A, B, C, D in the image. Your goal is to identify which of these options is the fifth image at t = 1.0. Reason step by step how are the shapes transforming for answering.",
minds_eye:dynamic_isomorph:0014,minds_eye,dynamic_isomorph,"Follow the transformation of the shapes in the top row, starting from t=0.0 uptp t=0.75. Analyze the four figures labeled A, B, C, D in the image. Your goal is to identify which of these options is the fifth image at t = 1.0. Reason step by step how are the shapes transforming for answering.",
minds_eye:dynamic_isomorph:0015,minds_eye,dynamic_isomorph,"Follow the transformation of the shapes in the top row, starting from t=0.0 uptp t=0.75. Analyze the four figures labeled A, B, C, D in the image. Your goal is to identify which of these options is the fifth image at t = 1.0. Reason step by step how are the shapes transforming for answering.",
minds_eye:dynamic_isomorph:0016,minds_eye,dynamic_isomorph,"Follow the transformation of the shapes in the top row, starting from t=0.0 uptp t=0.75. Analyze the four figures labeled A, B, C, D in the image. Your goal is to identify which of these options is the fifth image at t = 1.0. Reason step by step how are the shapes transforming for answering.",
minds_eye:dynamic_isomorph:0017,minds_eye,dynamic_isomorph,"Follow the transformation of the shapes in the top row, starting from t=0.0 uptp t=0.75. Analyze the four figures labeled A, B, C, D in the image. Your goal is to identify which of these options is the fifth image at t = 1.0. Reason step by step how are the shapes transforming for answering.",
minds_eye:dynamic_isomorph:0018,minds_eye,dynamic_isomorph,"Follow the transformation of the shapes in the top row, starting from t=0.0 uptp t=0.75. Analyze the four figures labeled A, B, C, D in the image. Your goal is to identify which of these options is the fifth image at t = 1.0. Reason step by step how are the shapes transforming for answering.",
minds_eye:dynamic_isomorph:0019,minds_eye,dynamic_isomorph,"Follow the transformation of the shapes in the top row, starting from t=0.0 uptp t=0.75. Analyze the four figures labeled A, B, C, D in the image. Your goal is to identify which of these options is the fifth image at t = 1.0. Reason step by step how are the shapes transforming for answering.",
minds_eye:dynamic_isomorph:0020,minds_eye,dynamic_isomorph,"Follow the transformation of the shapes in the top row, starting from t=0.0 uptp t=0.75. Analyze the four figures labeled A, B, C, D in the image. Your goal is to identify which of these options is the fifth image at t = 1.0. Reason step by step how are the shapes transforming for answering.",
minds_eye:dynamic_isomorph:0021,minds_eye,dynamic_isomorph,"Follow the transformation of the shapes in the top row, starting from t=0.0 uptp t=0.75. Analyze the four figures labeled A, B, C, D in the image. Your goal is to identify which of these options is the fifth image at t = 1.0. Reason step by step how are the shapes transforming for answering.",
minds_eye:dynamic_isomorph:0022,minds_eye,dynamic_isomorph,"Follow the transformation of the shapes in the top row, starting from t=0.0 uptp t=0.75. Analyze the four figures labeled A, B, C, D in the image. Your goal is to identify which of these options is the fifth image at t = 1.0. Reason step by step how are the shapes transforming for answering.",
minds_eye:dynamic_isomorph:0023,minds_eye,dynamic_isomorph,"Follow the transformation of the shapes in the top row, starting from t=0.0 uptp t=0.75. Analyze the four figures labeled A, B, C, D in the image. Your goal is to identify which of these options is the fifth image at t = 1.0. Reason step by step how are the shapes transforming for answering.",
minds_eye:dynamic_isomorph:0024,minds_eye,dynamic_isomorph,"Follow the transformation of the shapes in the top row, starting from t=0.0 uptp t=0.75. Analyze the four figures labeled A, B, C, D in the image. Your goal is to identify which of these options is the fifth image at t = 1.0. Reason step by step how are the shapes transforming for answering.",
minds_eye:symmetric_isomorph:0000,minds_eye,symmetric_isomorph,"Analyze the four figures labeled A, B, C, D in the image. Your goal is to identify the underlying visual concept that is shared by the majority of these figures and then determine which figure does not adhere to this concept. Reason step by step for answering.",
minds_eye:symmetric_isomorph:0001,minds_eye,symmetric_isomorph,"Analyze the four figures labeled A, B, C, D in the image. Your goal is to identify the underlying visual concept that is shared by the majority of these figures and then determine which figure does not adhere to this concept. Reason step by step for answering.",
minds_eye:symmetric_isomorph:0002,minds_eye,symmetric_isomorph,"Analyze the four figures labeled A, B, C, D in the image. Your goal is to identify the underlying visual concept that is shared by the majority of these figures and then determine which figure does not adhere to this concept. Reason step by step for answering.",
minds_eye:symmetric_isomorph:0003,minds_eye,symmetric_isomorph,"Analyze the four figures labeled A, B, C, D in the image. Your goal is to identify the underlying visual concept that is shared by the majority of these figures and then determine which figure does not adhere to this concept. Reason step by step for answering.",
minds_eye:symmetric_isomorph:0004,minds_eye,symmetric_isomorph,"Analyze the four figures labeled A, B, C, D in the image. Your goal is to identify the underlying visual concept that is shared by the majority of these figures and then determine which figure does not adhere to this concept. Reason step by step for answering.",
minds_eye:symmetric_isomorph:0005,minds_eye,symmetric_isomorph,"Analyze the four figures labeled A, B, C, D in the image. Your goal is to identify the underlying visual concept that is shared by the majority of these figures and then determine which figure does not adhere to this concept. Reason step by step for answering.",
minds_eye:symmetric_isomorph:0006,minds_eye,symmetric_isomorph,"Analyze the four figures labeled A, B, C, D in the image. Your goal is to identify the underlying visual concept that is shared by the majority of these figures and then determine which figure does not adhere to this concept. Reason step by step for answering.",
minds_eye:symmetric_isomorph:0007,minds_eye,symmetric_isomorph,"Analyze the four figures labeled A, B, C, D in the image. Your goal is to identify the underlying visual concept that is shared by the majority of these figures and then determine which figure does not adhere to this concept. Reason step by step for answering.",
minds_eye:symmetric_isomorph:0008,minds_eye,symmetric_isomorph,"Analyze the four figures labeled A, B, C, D in the image. Your goal is to identify the underlying visual concept that is shared by the majority of these figures and then determine which figure does not adhere to this concept. Reason step by step for answering.",
minds_eye:symmetric_isomorph:0009,minds_eye,symmetric_isomorph,"Analyze the four figures labeled A, B, C, D in the image. Your goal is to identify the underlying visual concept that is shared by the majority of these figures and then determine which figure does not adhere to this concept. Reason step by step for answering.",
minds_eye:symmetric_isomorph:0010,minds_eye,symmetric_isomorph,"Analyze the four figures labeled A, B, C, D in the image. Your goal is to identify the underlying visual concept that is shared by the majority of these figures and then determine which figure does not adhere to this concept. Reason step by step for answering.",
minds_eye:symmetric_isomorph:0011,minds_eye,symmetric_isomorph,"Analyze the four figures labeled A, B, C, D in the image. Your goal is to identify the underlying visual concept that is shared by the majority of these figures and then determine which figure does not adhere to this concept. Reason step by step for answering.",
minds_eye:symmetric_isomorph:0012,minds_eye,symmetric_isomorph,"Analyze the four figures labeled A, B, C, D in the image. Your goal is to identify the underlying visual concept that is shared by the majority of these figures and then determine which figure does not adhere to this concept. Reason step by step for answering.",
minds_eye:symmetric_isomorph:0013,minds_eye,symmetric_isomorph,"Analyze the four figures labeled A, B, C, D in the image. Your goal is to identify the underlying visual concept that is shared by the majority of these figures and then determine which figure does not adhere to this concept. Reason step by step for answering.",
minds_eye:symmetric_isomorph:0014,minds_eye,symmetric_isomorph,"Analyze the four figures labeled A, B, C, D in the image. Your goal is to identify the underlying visual concept that is shared by the majority of these figures and then determine which figure does not adhere to this concept. Reason step by step for answering.",
minds_eye:symmetric_isomorph:0015,minds_eye,symmetric_isomorph,"Analyze the four figures labeled A, B, C, D in the image. Your goal is to identify the underlying visual concept that is shared by the majority of these figures and then determine which figure does not adhere to this concept. Reason step by step for answering.",
minds_eye:symmetric_isomorph:0016,minds_eye,symmetric_isomorph,"Analyze the four figures labeled A, B, C, D in the image. Your goal is to identify the underlying visual concept that is shared by the majority of these figures and then determine which figure does not adhere to this concept. Reason step by step for answering.",
minds_eye:symmetric_isomorph:0017,minds_eye,symmetric_isomorph,"Analyze the four figures labeled A, B, C, D in the image. Your goal is to identify the underlying visual concept that is shared by the majority of these figures and then determine which figure does not adhere to this concept. Reason step by step for answering.",
minds_eye:symmetric_isomorph:0018,minds_eye,symmetric_isomorph,"Analyze the four figures labeled A, B, C, D in the image. Your goal is to identify the underlying visual concept that is shared by the majority of these figures and then determine which figure does not adhere to this concept. Reason step by step for answering.",
minds_eye:symmetric_isomorph:0019,minds_eye,symmetric_isomorph,"Analyze the four figures labeled A, B, C, D in the image. Your goal is to identify the underlying visual concept that is shared by the majority of these figures and then determine which figure does not adhere to this concept. Reason step by step for answering.",
minds_eye:symmetric_isomorph:0020,minds_eye,symmetric_isomorph,"Analyze the four figures labeled A, B, C, D in the image. Your goal is to identify the underlying visual concept that is shared by the majority of these figures and then determine which figure does not adhere to this concept. Reason step by step for answering.",
minds_eye:symmetric_isomorph:0021,minds_eye,symmetric_isomorph,"Analyze the four figures labeled A, B, C, D in the image. Your goal is to identify the underlying visual concept that is shared by the majority of these figures and then determine which figure does not adhere to this concept. Reason step by step for answering.",
minds_eye:symmetric_isomorph:0022,minds_eye,symmetric_isomorph,"Analyze the four figures labeled A, B, C, D in the image. Your goal is to identify the underlying visual concept that is shared by the majority of these figures and then determine which figure does not adhere to this concept. Reason step by step for answering.",
minds_eye:symmetric_isomorph:0023,minds_eye,symmetric_isomorph,"Analyze the four figures labeled A, B, C, D in the image. Your goal is to identify the underlying visual concept that is shared by the majority of these figures and then determine which figure does not adhere to this concept. Reason step by step for answering.",
minds_eye:symmetric_isomorph:0024,minds_eye,symmetric_isomorph,"Analyze the four figures labeled A, B, C, D in the image. Your goal is to identify the underlying visual concept that is shared by the majority of these figures and then determine which figure does not adhere to this concept. Reason step by step for answering.",
minds_eye:hierarchial_isomorph:0000,minds_eye,hierarchial_isomorph,"Analyze the four figures labeled A, B, C and D in the image. Your goal is to identify the underlying visual concept that is shared by the majority of these figures and then determine which figure does not adhere to this concept. Reason step by step for answering.",
minds_eye:hierarchial_isomorph:0001,minds_eye,hierarchial_isomorph,"Analyze the four figures labeled A, B, C and D in the image. Your goal is to identify the underlying visual concept that is shared by the majority of these figures and then determine which figure does not adhere to this concept. Reason step by step for answering.",
minds_eye:hierarchial_isomorph:0002,minds_eye,hierarchial_isomorph,"Analyze the four figures labeled A, B, C and D in the image. Your goal is to identify the underlying visual concept that is shared by the majority of these figures and then determine which figure does not adhere to this concept. Reason step by step for answering.",
minds_eye:hierarchial_isomorph:0003,minds_eye,hierarchial_isomorph,"Analyze the four figures labeled A, B, C and D in the image. Your goal is to identify the underlying visual concept that is shared by the majority of these figures and then determine which figure does not adhere to this concept. Reason step by step for answering.",
minds_eye:hierarchial_isomorph:0004,minds_eye,hierarchial_isomorph,"Analyze the four figures labeled A, B, C and D in the image. Your goal is to identify the underlying visual concept that is shared by the majority of these figures and then determine which figure does not adhere to this concept. Reason step by step for answering.",
minds_eye:hierarchial_isomorph:0005,minds_eye,hierarchial_isomorph,"Analyze the four figures labeled A, B, C and D in the image. Your goal is to identify the underlying visual concept that is shared by the majority of these figures and then determine which figure does not adhere to this concept. Reason step by step for answering.",
minds_eye:hierarchial_isomorph:0006,minds_eye,hierarchial_isomorph,"Analyze the four figures labeled A, B, C and D in the image. Your goal is to identify the underlying visual concept that is shared by the majority of these figures and then determine which figure does not adhere to this concept. Reason step by step for answering.",
minds_eye:hierarchial_isomorph:0007,minds_eye,hierarchial_isomorph,"Analyze the four figures labeled A, B, C and D in the image. Your goal is to identify the underlying visual concept that is shared by the majority of these figures and then determine which figure does not adhere to this concept. Reason step by step for answering.",
minds_eye:hierarchial_isomorph:0008,minds_eye,hierarchial_isomorph,"Analyze the four figures labeled A, B, C and D in the image. Your goal is to identify the underlying visual concept that is shared by the majority of these figures and then determine which figure does not adhere to this concept. Reason step by step for answering.",
minds_eye:hierarchial_isomorph:0009,minds_eye,hierarchial_isomorph,"Analyze the four figures labeled A, B, C and D in the image. Your goal is to identify the underlying visual concept that is shared by the majority of these figures and then determine which figure does not adhere to this concept. Reason step by step for answering.",
minds_eye:hierarchial_isomorph:0010,minds_eye,hierarchial_isomorph,"Analyze the four figures labeled A, B, C and D in the image. Your goal is to identify the underlying visual concept that is shared by the majority of these figures and then determine which figure does not adhere to this concept. Reason step by step for answering.",
minds_eye:hierarchial_isomorph:0011,minds_eye,hierarchial_isomorph,"Analyze the four figures labeled A, B, C and D in the image. Your goal is to identify the underlying visual concept that is shared by the majority of these figures and then determine which figure does not adhere to this concept. Reason step by step for answering.",
minds_eye:hierarchial_isomorph:0012,minds_eye,hierarchial_isomorph,"Analyze the four figures labeled A, B, C and D in the image. Your goal is to identify the underlying visual concept that is shared by the majority of these figures and then determine which figure does not adhere to this concept. Reason step by step for answering.",
minds_eye:hierarchial_isomorph:0013,minds_eye,hierarchial_isomorph,"Analyze the four figures labeled A, B, C and D in the image. Your goal is to identify the underlying visual concept that is shared by the majority of these figures and then determine which figure does not adhere to this concept. Reason step by step for answering.",
minds_eye:hierarchial_isomorph:0014,minds_eye,hierarchial_isomorph,"Analyze the four figures labeled A, B, C and D in the image. Your goal is to identify the underlying visual concept that is shared by the majority of these figures and then determine which figure does not adhere to this concept. Reason step by step for answering.",
minds_eye:hierarchial_isomorph:0015,minds_eye,hierarchial_isomorph,"Analyze the four figures labeled A, B, C and D in the image. Your goal is to identify the underlying visual concept that is shared by the majority of these figures and then determine which figure does not adhere to this concept. Reason step by step for answering.",
minds_eye:hierarchial_isomorph:0016,minds_eye,hierarchial_isomorph,"Analyze the four figures labeled A, B, C and D in the image. Your goal is to identify the underlying visual concept that is shared by the majority of these figures and then determine which figure does not adhere to this concept. Reason step by step for answering.",
minds_eye:hierarchial_isomorph:0017,minds_eye,hierarchial_isomorph,"Analyze the four figures labeled A, B, C and D in the image. Your goal is to identify the underlying visual concept that is shared by the majority of these figures and then determine which figure does not adhere to this concept. Reason step by step for answering.",
minds_eye:hierarchial_isomorph:0018,minds_eye,hierarchial_isomorph,"Analyze the four figures labeled A, B, C and D in the image. Your goal is to identify the underlying visual concept that is shared by the majority of these figures and then determine which figure does not adhere to this concept. Reason step by step for answering.",
minds_eye:hierarchial_isomorph:0019,minds_eye,hierarchial_isomorph,"Analyze the four figures labeled A, B, C and D in the image. Your goal is to identify the underlying visual concept that is shared by the majority of these figures and then determine which figure does not adhere to this concept. Reason step by step for answering.",
minds_eye:hierarchial_isomorph:0020,minds_eye,hierarchial_isomorph,"Analyze the four figures labeled A, B, C and D in the image. Your goal is to identify the underlying visual concept that is shared by the majority of these figures and then determine which figure does not adhere to this concept. Reason step by step for answering.",
minds_eye:hierarchial_isomorph:0021,minds_eye,hierarchial_isomorph,"Analyze the four figures labeled A, B, C and D in the image. Your goal is to identify the underlying visual concept that is shared by the majority of these figures and then determine which figure does not adhere to this concept. Reason step by step for answering.",
minds_eye:hierarchial_isomorph:0022,minds_eye,hierarchial_isomorph,"Analyze the four figures labeled A, B, C and D in the image. Your goal is to identify the underlying visual concept that is shared by the majority of these figures and then determine which figure does not adhere to this concept. Reason step by step for answering.",
minds_eye:hierarchial_isomorph:0023,minds_eye,hierarchial_isomorph,"Analyze the four figures labeled A, B, C and D in the image. Your goal is to identify the underlying visual concept that is shared by the majority of these figures and then determine which figure does not adhere to this concept. Reason step by step for answering.",
minds_eye:hierarchial_isomorph:0024,minds_eye,hierarchial_isomorph,"Analyze the four figures labeled A, B, C and D in the image. Your goal is to identify the underlying visual concept that is shared by the majority of these figures and then determine which figure does not adhere to this concept. Reason step by step for answering.",
minds_eye:slippage:0000,minds_eye,slippage,"Analyze the six figures labeled A, B, C, D, E, and F in the image.Your goal is to identify the underlying visual concept that is shared by the majority of these figures and then determine which figure does not adhere to this concept. Reason step by step for answering.",
minds_eye:slippage:0001,minds_eye,slippage,"Analyze the six figures labeled A, B, C, D, E, and F in the image.Your goal is to identify the underlying visual concept that is shared by the majority of these figures and then determine which figure does not adhere to this concept. Reason step by step for answering.",
minds_eye:slippage:0002,minds_eye,slippage,"Analyze the six figures labeled A, B, C, D, E, and F in the image.Your goal is to identify the underlying visual concept that is shared by the majority of these figures and then determine which figure does not adhere to this concept. Reason step by step for answering.",
minds_eye:slippage:0003,minds_eye,slippage,"Analyze the six figures labeled A, B, C, D, E, and F in the image.Your goal is to identify the underlying visual concept that is shared by the majority of these figures and then determine which figure does not adhere to this concept. Reason step by step for answering.",
minds_eye:slippage:0004,minds_eye,slippage,"Analyze the six figures labeled A, B, C, D, E, and F in the image.Your goal is to identify the underlying visual concept that is shared by the majority of these figures and then determine which figure does not adhere to this concept. Reason step by step for answering.",
minds_eye:slippage:0005,minds_eye,slippage,"Analyze the six figures labeled A, B, C, D, E, and F in the image. Your goal is to identify the underlying visual concept that is shared by the majority of these figures and then determine which figure does not adhere to this concept. The visual concept is applied to the figure as a whole and not to the parts of the figure. Reason step by step for answering.",
minds_eye:slippage:0006,minds_eye,slippage,"Analyze the six figures labeled A, B, C, D, E, and F in the image. Your goal is to identify the underlying visual concept that is shared by the majority of these figures and then determine which figure does not adhere to this concept. The visual concept is applied to the figure as a whole and not to the parts of the figure. Reason step by step for answering.",
minds_eye:slippage:0007,minds_eye,slippage,"Analyze the six figures labeled A, B, C, D, E, and F in the image.Your goal is to identify the underlying visual concept that is shared by the majority of these figures and then determine which figure does not adhere to this concept. Reason step by step for answering.",
minds_eye:slippage:0008,minds_eye,slippage,"Analyze the six figures labeled A, B, C, D, E, and F in the image.Your goal is to identify the underlying visual concept that is shared by the majority of these figures and then determine which figure does not adhere to this concept. Reason step by step for answering.",
minds_eye:slippage:0009,minds_eye,slippage,"Analyze the six figures labeled A, B, C, D, E, and F in the image.Your goal is to identify the underlying visual concept that is shared by the majority of these figures and then determine which figure does not adhere to this concept. Reason step by step for answering.",
minds_eye:slippage:0010,minds_eye,slippage,"Analyze the six figures labeled A, B, C, D, E, and F in the image.Your goal is to identify the underlying visual concept that is shared by the majority of these figures and then determine which figure does not adhere to this concept. Reason step by step for answering.",
minds_eye:slippage:0011,minds_eye,slippage,"Analyze the six figures labeled A, B, C, D, E, and F in the image.Your goal is to identify the underlying visual concept that is shared by the majority of these figures and then determine which figure does not adhere to this concept. Reason step by step for answering.",
minds_eye:slippage:0012,minds_eye,slippage,"Analyze the six figures labeled A, B, C, D, E, and F in the image.Your goal is to identify the underlying visual concept that is shared by the majority of these figures and then determine which figure does not adhere to this concept. Reason step by step for answering.",
minds_eye:slippage:0013,minds_eye,slippage,"Analyze the six figures labeled A, B, C, D, E, and F in the image.Your goal is to identify the underlying visual concept that is shared by the majority of these figures and then determine which figure does not adhere to this concept. Reason step by step for answering.",
minds_eye:slippage:0014,minds_eye,slippage,"Analyze the six figures labeled A, B, C, D, E, and F in the image.Your goal is to identify the underlying visual concept that is shared by the majority of these figures and then determine which figure does not adhere to this concept. Reason step by step for answering.",
minds_eye:slippage:0015,minds_eye,slippage,"Analyze the six figures labeled A, B, C, D, E, and F in the image.Your goal is to identify the underlying visual concept that is shared by the majority of these figures and then determine which figure does not adhere to this concept. Reason step by step for answering.",
minds_eye:slippage:0016,minds_eye,slippage,"Analyze the six figures labeled A, B, C, D, E, and F in the image. Your goal is to identify the underlying visual concept that is shared by the majority of these figures and then determine which figure does not adhere to this concept. The visual concept is applied to the figure as a whole and not to the parts of the figure. Reason step by step for answering.",
minds_eye:slippage:0017,minds_eye,slippage,"Analyze the six figures labeled A, B, C, D, E, and F in the image.Your goal is to identify the underlying visual concept that is shared by the majority of these figures and then determine which figure does not adhere to this concept. Reason step by step for answering.",
minds_eye:slippage:0018,minds_eye,slippage,"Analyze the six figures labeled A, B, C, D, E, and F in the image.Your goal is to identify the underlying visual concept that is shared by the majority of these figures and then determine which figure does not adhere to this concept. Reason step by step for answering.",
minds_eye:slippage:0019,minds_eye,slippage,"Analyze the six figures labeled A, B, C, D, E, and F in the image.Your goal is to identify the underlying visual concept that is shared by the majority of these figures and then determine which figure does not adhere to this concept. Reason step by step for answering.",
minds_eye:slippage:0020,minds_eye,slippage,"Analyze the six figures labeled A, B, C, D, E, and F in the image.Your goal is to identify the underlying visual concept that is shared by the majority of these figures and then determine which figure does not adhere to this concept. Reason step by step for answering.",
minds_eye:slippage:0021,minds_eye,slippage,"Analyze the six figures labeled A, B, C, D, E, and F in the image.Your goal is to identify the underlying visual concept that is shared by the majority of these figures and then determine which figure does not adhere to this concept. Reason step by step for answering.",
minds_eye:slippage:0022,minds_eye,slippage,"Analyze the six figures labeled A, B, C, D, E, and F in the image. Your goal is to identify the underlying visual concept that is shared by the majority of these figures and then determine which figure does not adhere to this concept. The visual concept is applied to the figure as a whole and not to the parts of the figure. Reason step by step for answering.",
minds_eye:slippage:0023,minds_eye,slippage,"Analyze the six figures labeled A, B, C, D, E, and F in the image.Your goal is to identify the underlying visual concept that is shared by the majority of these figures and then determine which figure does not adhere to this concept. Reason step by step for answering.",
minds_eye:slippage:0024,minds_eye,slippage,"Analyze the six figures labeled A, B, C, D, E, and F in the image.Your goal is to identify the underlying visual concept that is shared by the majority of these figures and then determine which figure does not adhere to this concept. Reason step by step for answering.",
